stateno,urban,electoral_competition,State,PRI_governor,PRD_governor,LGBT_orgs,year,DV,durat,durat2,durat3,diffusion,past_events,levangelicals,lcatholics,lwealth,lracial_diversity
1,80.2277914,0.3428978,Aguascalientes,0,0,0,2000,0,1,1,1,0,0,0.48605305,4.560621,6.946636,-1.8875129
1,80.41157452,0.3428978,Aguascalientes,0,0,0,2001,0,2,4,8,0,0,0.5912308,4.5580764,6.9401827,-1.7180064
1,80.59535764,0.3428978,Aguascalientes,0,0,0,2002,0,3,9,27,0,0,0.6863915,4.555526,6.938942,-1.5731109
1,80.77914077,0.3428978,Aguascalientes,0,0,0,2003,0,4,16,64,0,0,0.7732782,4.552969,6.9355345,-1.4465777
1,80.96292389,0.3428978,Aguascalientes,0,0,0,2004,0,5,25,125,0,0,0.85321546,4.550405,6.953285,-1.3342716
1,81.14670701,0.37672496,Aguascalientes,0,0,0,2005,0,6,36,216,0,0,0.927233,4.547835,6.9537096,-1.2333144
1,81.07925983,0.37672496,Aguascalientes,0,0,0,2006,0,7,49,343,0,0,0.9961475,4.5452576,7.000232,-1.2763703
1,81.01181264,0.37672496,Aguascalientes,0,0,0,2007,0,8,64,512,0,0,1.0606174,4.542674,7.055356,-1.3213638
1,80.94436546,0.37672496,Aguascalientes,0,0,0,2008,0,9,81,729,0,0,1.1211816,4.540084,7.021629,-1.3684775
1,80.87691827,0.37672496,Aguascalientes,0,0,0,2009,0,10,100,1000,0,0,1.1782862,4.537487,6.9712625,-1.4179211
1,80.80947109,0.37672496,Aguascalientes,0,0,0,2010,0,11,121,1331,0,0,1.2323053,4.534883,7.00193,-1.4699371
1,80.7420239,0.26443487,Aguascalientes,1,0,0,2011,0,12,144,1728,0,0,1.2835553,4.5322723,6.999876,-1.5248079
1,80.67457672,0.26443487,Aguascalientes,1,0,0,2012,0,13,169,2197,1,0,1.3323063,4.529655,7.0262146,-1.5828652
1,80.60712953,0.26443487,Aguascalientes,1,0,0,2013,0,14,196,2744,1,0,1.3787906,4.527031,7.0482955,-1.6445022
1,80.53968235,0.26443487,Aguascalientes,1,0,0,2014,3,15,225,3375,4,0,1.4232098,4.5243998,7.128612,-1.7101891
2,91.58278613,0.29107344,Baja California,0,0,0.40203154,2000,0,1,1,1,0,0,1.8607138,4.3995223,7.053971,0.62811005
2,91.8623254,0.29107344,Baja California,0,0,0.39081013,2001,0,2,4,8,0,0,1.9425797,4.3894,6.988208,0.57835114
2,92.14186467,0.31688553,Baja California,0,0,0.3801981,2002,0,3,9,27,0,0,2.0182478,4.3791747,6.9368143,0.52598596
2,92.42140394,0.31688553,Baja California,0,0,0.37014714,2003,0,4,16,64,0,0,2.088591,4.3688436,7.104633,0.47072643
2,92.70094321,0.31688553,Baja California,0,0,0.36061394,2004,0,5,25,125,0,0,2.1543095,4.358404,7.1212325,0.41223374
2,92.98048247,0.31688553,Baja California,0,0,0.35155946,2005,0,6,36,216,0,0,2.215974,4.347855,7.121703,0.35010594
2,92.84276567,0.31688553,Baja California,0,0,0.34404588,2006,0,7,49,343,0,0,2.274056,4.3371935,7.154636,0.354688
2,92.70504886,0.31688553,Baja California,0,0,0.3368467,2007,0,8,64,512,0,0,2.3289487,4.326417,7.1419625,0.35924914
2,92.56733205,0.28818303,Baja California,0,0,0.32994267,2008,0,9,81,729,0,0,2.3809845,4.315523,7.1113477,0.3637896
2,92.42961524,0.28818303,Baja California,0,0,0.32331595,2009,0,10,100,1000,0,0,2.430446,4.304509,7.0212173,0.3683095
2,92.29189844,0.28818303,Baja California,0,0,0.31695017,2010,0,11,121,1331,0,0,2.4775758,4.2933726,6.989414,0.37280908
2,92.15418163,0.28818303,Baja California,0,0,0.31083024,2011,0,12,144,1728,0,0,2.522584,4.2821107,6.9861317,0.3772885
2,92.01646482,0.28818303,Baja California,0,0,0.30494216,2012,0,13,169,2197,0,0,2.5656533,4.27072,7.0124297,0.38174793
2,91.87874801,0.28818303,Baja California,0,0,0.299273,2013,3,14,196,2744,0,0,2.6069443,4.2591987,6.9954987,0.38618758
2,91.74103121,0.24825001,Baja California,0,0,0.2938108,2014,0,15,225,3375,0,1,2.6465974,4.247543,6.983422,0.39060763
3,81.29756321,0.36227864,Baja California Sur,0,1,0,2000,0,1,1,1,0,0,1.27235,4.4889507,6.919683,0.35799685
3,81.99011726,0.36227864,Baja California Sur,0,1,0,2001,0,2,4,8,0,0,1.373978,4.481843,6.9557137,0.38369754
3,82.68267132,0.36227864,Baja California Sur,0,1,0,2002,0,3,9,27,0,0,1.4662241,4.4746847,6.945058,0.40875423
3,83.37522537,0.36227864,Baja California Sur,0,1,0,2003,0,4,16,64,0,0,1.5506747,4.467475,7.19241,0.43319842
3,84.06777943,0.36227864,Baja California Sur,0,1,0,2004,0,5,25,125,0,0,1.6285455,4.460212,7.2653317,0.4570593
3,84.76033348,0.36227864,Baja California Sur,0,1,0,2005,0,6,36,216,0,0,1.7007881,4.452897,7.3140206,0.48036408
3,85.03575829,0.26563162,Baja California Sur,0,1,0,2006,0,7,49,343,0,0,1.7681615,4.4455276,7.327308,0.51247954
3,85.31118309,0.26563162,Baja California Sur,0,1,0,2007,0,8,64,512,0,0,1.831281,4.4381037,7.351277,0.5435956
3,85.58660789,0.26563162,Baja California Sur,0,1,0,2008,0,9,81,729,0,0,1.8906516,4.430624,7.346181,0.5737726
3,85.86203269,0.26563162,Baja California Sur,0,1,0,2009,0,10,100,1000,0,0,1.9466941,4.423088,7.2836757,0.60306555
3,86.1374575,0.26563162,Baja California Sur,0,1,0,2010,0,11,121,1331,0,0,1.9997618,4.415495,7.253107,0.6315248
3,86.4128823,0.26563162,Baja California Sur,0,1,0,2011,0,12,144,1728,0,0,2.0501547,4.4078436,7.2495317,0.6591965
3,86.6883071,0.3801684,Baja California Sur,0,0,0,2012,0,13,169,2197,0,0,2.0981295,4.400133,7.232131,0.686123
3,86.96373191,0.3801684,Baja California Sur,0,0,0,2013,0,14,196,2744,0,0,2.1439078,4.392363,7.224934,0.71234345
3,87.23915671,0.3801684,Baja California Sur,0,0,0,2014,3,15,225,3375,3,0,2.1876817,4.384532,7.1813765,0.73789394
4,70.98838985,0.27410138,Campeche,1,0,0,2000,0,1,1,1,0,0,2.3146605,4.26662,7.224368,2.737929
4,71.59486701,0.27410138,Campeche,1,0,0,2001,0,2,4,8,0,0,2.3590467,4.256491,7.2115254,2.7088614
4,72.20134417,0.27410138,Campeche,1,0,0,2002,0,3,9,27,0,0,2.4015462,4.2462583,7.288082,2.6789234
4,72.80782133,0.27410138,Campeche,1,0,0,2003,0,4,16,64,0,0,2.442313,4.23592,8.780664,2.6480615
4,73.41429848,0.21072066,Campeche,1,0,0,2004,0,5,25,125,0,0,2.4814825,4.2254734,8.98234,2.6162164
4,74.02077564,0.21072066,Campeche,1,0,0,2005,0,6,36,216,0,0,2.5191755,4.214916,9.083976,2.5833242
4,74.1334109,0.21072066,Campeche,1,0,0,2006,0,7,49,343,0,0,2.5554993,4.204247,9.103899,2.5693836
4,74.24604615,0.21072066,Campeche,1,0,0,2007,0,8,64,512,0,0,2.5905497,4.1934624,9.101551,2.5552459
4,74.35868141,0.21072066,Campeche,1,0,0,2008,0,9,81,729,0,0,2.624413,4.1825604,9.155768,2.5409052
4,74.47131666,0.21072066,Campeche,1,0,0,2009,0,10,100,1000,0,0,2.6571672,4.171538,8.778202,2.5263562
4,74.58395192,0.2942013,Campeche,1,0,0,2010,0,11,121,1331,0,0,2.6888824,4.1603928,8.83964,2.5115924
4,74.69658717,0.2942013,Campeche,1,0,0,2011,0,12,144,1728,0,0,2.7196226,4.149122,8.988798,2.4966073
4,74.80922243,0.2942013,Campeche,1,0,0,2012,0,13,169,2197,0,0,2.749446,4.137723,8.951907,2.481394
4,74.92185769,0.2942013,Campeche,1,0,0,2013,2,14,196,2744,1,0,2.7784054,4.126192,8.835421,2.465946
4,75.03449294,0.2942013,Campeche,1,0,0,2014,0,15,225,3375,7,1,2.80655,4.1145267,8.758872,2.4502554
5,89.41211538,0.44455734,Coahuila,1,0,0,2000,0,1,1,1,0,0,1.6869888,4.4592056,6.9830627,-1.8954958
5,89.53784396,0.44455734,Coahuila,1,0,0,2001,0,2,4,8,0,0,1.7577088,4.453705,6.9603024,-1.7533228
5,89.66357253,0.44455734,Coahuila,1,0,0,2002,0,3,9,27,0,0,1.8237562,4.448174,7.0156775,-1.6288699
5,89.78930111,0.44455734,Coahuila,1,0,0,2003,0,4,16,64,0,0,1.8857102,4.442612,7.2222075,-1.5182053
5,89.91502968,0.44455734,Coahuila,1,0,0,2004,0,5,25,125,0,0,1.9440489,4.4370193,7.2429566,-1.4185762
5,90.04075826,0.44455734,Coahuila,1,0,0,2005,0,6,36,216,0,0,1.9991709,4.431395,7.231696,-1.3279799
5,90.03141391,0.37498087,Coahuila,1,0,0,2006,1,7,49,343,0,0,2.0514126,4.425739,7.2544203,-1.3401669
5,90.02206956,0.37498087,Coahuila,1,0,0,2007,2,8,64,512,0,1,2.10106,4.42005,7.2700496,-1.3525041
5,90.01272521,0.37498087,Coahuila,1,0,0,2008,0,9,81,729,1,2,2.1483586,4.414329,7.273097,-1.3649956
5,90.00338086,0.37498087,Coahuila,1,0,0,2009,0,10,100,1000,1,3,2.193521,4.4085755,7.1235414,-1.377645
5,89.99403651,0.37498087,Coahuila,1,0,0,2010,0,11,121,1331,1,4,2.2367313,4.402788,7.2298937,-1.3904564
5,89.98469216,0.37498087,Coahuila,1,0,0,2011,0,12,144,1728,1,5,2.2781518,4.3969674,7.285427,-1.4034342
5,89.97534781,0.4316761,Coahuila,1,0,0,2012,0,13,169,2197,2,6,2.3179245,4.391113,7.3318496,-1.4165826
5,89.96600346,0.4316761,Coahuila,1,0,0,2013,0,14,196,2744,2,7,2.3561757,4.3852234,7.30174,-1.4299061
5,89.95665911,0.4316761,Coahuila,1,0,0,2014,4,15,225,3375,9,8,2.3930175,4.379299,7.3245544,-1.4434096
6,85.59065435,0.23452406,Colima,1,0,0,2000,0,1,1,1,0,0,0.8875244,4.533119,6.6836677,-0.4455272
6,85.99271729,0.23452406,Colima,1,0,0,2001,0,2,4,8,0,0,0.9963063,4.5287747,6.6546993,-0.4641154
6,86.39478022,0.23452406,Colima,1,0,0,2002,0,3,9,27,0,0,1.0944071,4.5244107,6.6966257,-0.4830557
6,86.79684315,0.23452406,Colima,1,0,0,2003,0,4,16,64,0,0,1.183738,4.520028,6.979862,-0.50236166
6,87.19890609,0.27656728,Colima,1,0,0,2004,0,5,25,125,0,0,1.2657393,4.515626,6.967806,-0.5220477
6,87.60096902,0.27656728,Colima,1,0,0,2005,0,6,36,216,0,0,1.3415229,4.5112042,6.975558,-0.54212904
6,87.83604572,0.27680004,Colima,1,0,0,2006,0,7,49,343,0,0,1.4119657,4.506763,6.9871716,-0.5083165
6,88.07112241,0.27680004,Colima,1,0,0,2007,0,8,64,512,0,0,1.4777713,4.5023017,7.01692,-0.47561002
6,88.30619911,0.27680004,Colima,1,0,0,2008,0,9,81,729,1,0,1.5395126,4.497821,7.0225506,-0.4439394
6,88.5412758,0.27680004,Colima,1,0,0,2009,1,10,100,1000,1,0,1.5976624,4.4933195,6.93736,-0.4132411
6,88.7763525,0.28763124,Colima,1,0,0,2010,0,11,121,1331,1,1,1.652616,4.4887977,6.9405146,-0.38345718
6,89.01142919,0.28763124,Colima,1,0,0,2011,0,12,144,1728,1,2,1.7047063,4.484256,6.9696374,-0.35453478
6,89.24650589,0.28763124,Colima,1,0,0,2012,0,13,169,2197,1,3,1.754217,4.479693,6.987198,-0.32642537
6,89.48158259,0.28763124,Colima,1,0,0,2013,3,14,196,2744,1,4,1.8013917,4.475109,6.9869514,-0.29908457
6,89.71665928,0.28763124,Colima,1,0,0,2014,0,15,225,3375,4,5,1.8464408,4.470504,7.007288,-0.27247146
7,45.70026412,0.3096812,Chiapas,1,0,0,2000,0,1,1,1,0,0,2.4273055,4.156173,5.7978964,3.203373
7,46.10844269,0.2877287,Chiapas,0,0,0,2001,0,2,4,8,0,0,2.4890237,4.149423,5.792262,3.2147741
7,46.51662126,0.2877287,Chiapas,0,0,0,2002,0,3,9,27,0,0,2.5471532,4.1426277,5.829373,3.2260466
7,46.92479982,0.2877287,Chiapas,0,0,0,2003,0,4,16,64,0,0,2.6020887,4.135785,6.1161838,3.2371936
7,47.33297839,0.2877287,Chiapas,0,0,0,2004,0,5,25,125,0,0,2.6541626,4.1288958,6.0881977,3.2482176
7,47.74115696,0.2877287,Chiapas,0,0,0,2005,0,6,36,216,0,0,2.7036588,4.1219587,6.084359,3.2591214
7,47.93819407,0.2877287,Chiapas,0,0,0,2006,0,7,49,343,0,0,2.75082,4.114973,6.11567,3.2679477
7,48.13523118,0.23885635,Chiapas,0,1,0,2007,0,8,64,512,0,0,2.795857,4.107938,6.087861,3.276697
7,48.33226829,0.23885635,Chiapas,0,1,0,2008,0,9,81,729,1,0,2.8389525,4.1008534,6.111272,3.2853703
7,48.52930541,0.23885635,Chiapas,0,1,0,2009,0,10,100,1000,1,0,2.8802676,4.093718,6.057883,3.293969
7,48.72634252,0.23885635,Chiapas,0,1,0,2010,0,11,121,1331,1,0,2.919943,4.0865316,6.112502,3.3024943
7,48.92337963,0.23885635,Chiapas,0,1,0,2011,0,12,144,1728,1,0,2.9581041,4.0792933,6.130654,3.3109477
7,49.12041674,0.23885635,Chiapas,0,1,0,2012,0,13,169,2197,1,0,2.9948626,4.072002,6.1433315,3.3193302
7,49.31745386,0.58435,Chiapas,0,0,0,2013,0,14,196,2744,1,0,3.0303175,4.0646567,6.1122217,3.3276432
7,49.51449097,0.58435,Chiapas,0,0,0,2014,3,15,225,3375,4,0,3.0645583,4.0572577,6.1133833,3.3358874
8,82.52616277,0.28922045,Chihuahua,1,0,0,2000,0,1,1,1,0,0,1.7551173,4.4385223,7.0830226,1.1656773
8,82.91992955,0.28922045,Chihuahua,1,0,0,2001,0,2,4,8,0,0,1.812827,4.4319143,7.0377927,1.177049
8,83.31369633,0.28922045,Chihuahua,1,0,0,2002,0,3,9,27,0,0,1.867387,4.4252625,7.0146503,1.1882929
8,83.70746311,0.28922045,Chihuahua,1,0,0,2003,0,4,16,64,0,0,1.9191238,4.4185658,6.817923,1.1994117
8,84.10122989,0.28922045,Chihuahua,1,0,0,2004,0,5,25,125,0,0,1.968315,4.411824,6.84143,1.2104083
8,84.49499667,0.3578471,Chihuahua,1,0,0,2005,0,6,36,216,0,0,2.0151994,4.4050364,6.865943,1.2212852
8,84.55901325,0.3578471,Chihuahua,1,0,0,2006,0,7,49,343,0,0,2.0599837,4.398203,6.9187374,1.227081
8,84.62302983,0.3578471,Chihuahua,1,0,0,2007,0,8,64,512,1,0,2.1028483,4.3913217,6.938425,1.2328433
8,84.68704641,0.3578471,Chihuahua,1,0,0,2008,0,9,81,729,3,0,2.1439507,4.384393,6.9449854,1.2385725
8,84.75106298,0.3578471,Chihuahua,1,0,0,2009,0,10,100,1000,3,0,2.18343,4.377416,6.856284,1.2442691
8,84.81507956,0.3578471,Chihuahua,1,0,0,2010,0,11,121,1331,3,0,2.2214098,4.3703904,6.859587,1.2499336
8,84.87909614,0.35919735,Chihuahua,1,0,0,2011,0,12,144,1728,3,0,2.258,4.3633146,6.8646274,1.255566
8,84.94311272,0.35919735,Chihuahua,1,0,0,2012,0,13,169,2197,3,0,2.293298,4.356189,6.9289994,1.2611669
8,85.00712929,0.35919735,Chihuahua,1,0,0,2013,3,14,196,2744,3,0,2.3273928,4.3490114,6.949594,1.2667367
8,85.07114587,0.35919735,Chihuahua,1,0,0,2014,0,15,225,3375,7,1,2.3603632,4.3417826,6.9631424,1.2722756
9,99.76386478,0.3529178,Distrito Federal,0,1,2.091749,2000,0,1,1,1,0,0,1.1426986,4.504812,7.637732,0.6050147
9,99.74145235,0.28028113,Distrito Federal,0,1,2.0861404,2001,1,2,4,8,0,0,1.2082465,4.4980993,7.6301594,0.5703413
9,99.71903992,0.28028113,Distrito Federal,0,1,2.0805616,2002,0,3,9,27,0,1,1.2697607,4.4913416,7.696343,0.53442234
9,99.69662749,0.28028113,Distrito Federal,0,1,2.075013,2003,0,4,16,64,0,2,1.3277093,4.4845376,7.645482,0.49716493
9,99.67421506,0.28028113,Distrito Federal,0,1,2.0694933,2004,0,5,25,125,0,3,1.382483,4.477687,7.662382,0.45846558
9,99.65180263,0.28028113,Distrito Federal,0,1,2.0640035,2005,0,6,36,216,0,4,1.4344116,4.470789,7.688182,0.41820803
9,99.6295053,0.28028113,Distrito Federal,0,1,2.0578604,2006,2,7,49,343,0,5,1.4837763,4.4638433,7.719267,0.41877025
9,99.60720797,0.36487448,Distrito Federal,0,1,2.051754,2007,0,8,64,512,0,6,1.5308185,4.456849,7.7385554,0.41933215
9,99.58491064,0.36487448,Distrito Federal,0,1,2.0456836,2008,0,9,81,729,0,7,1.5757465,4.4498057,7.743316,0.4198937
9,99.56261331,0.36487448,Distrito Federal,0,1,2.0396492,2009,4,10,100,1000,0,8,1.6187427,4.4427123,7.708127,0.42045498
9,99.54031598,0.36487448,Distrito Federal,0,1,2.0336502,2010,0,11,121,1331,0,9,1.659966,4.435568,7.7253895,0.42101592
9,99.51801865,0.36487448,Distrito Federal,0,1,2.0276864,2011,0,12,144,1728,0,10,1.6995571,4.4283724,7.739976,0.42157653
9,99.49572132,0.36487448,Distrito Federal,0,1,2.0217574,2012,0,13,169,2197,0,11,1.7376403,4.4211245,7.767368,0.42213687
9,99.473424,0.3619,Distrito Federal,0,1,2.015863,2013,0,14,196,2744,0,12,1.7743261,4.4138236,7.7900476,0.42269686
9,99.45112667,0.3619,Distrito Federal,0,1,2.0100029,2014,0,15,225,3375,3,13,1.8097136,4.4064693,7.79468,0.42325655
10,63.78683488,0.24179547,Durango,1,0,0,2000,0,1,1,1,0,0,1.098202,4.503945,6.4898086,0.67935723
10,64.47680167,0.24179547,Durango,1,0,0,2001,0,2,4,8,0,0,1.1838511,4.500808,6.5343766,0.69135743
10,65.16676847,0.24179547,Durango,1,0,0,2002,0,3,9,27,0,0,1.2627397,4.497661,6.553162,0.70321536
10,65.85673527,0.24179547,Durango,1,0,0,2003,0,4,16,64,0,0,1.3358573,4.494504,6.774221,0.71493435
10,66.54670206,0.24179547,Durango,1,0,0,2004,0,5,25,125,0,0,1.4039911,4.4913373,6.78142,0.72651756
10,67.23666886,0.3798465,Durango,1,0,0,2005,0,6,36,216,0,0,1.4677774,4.4881606,6.7781134,0.7379681
10,67.56129403,0.3798465,Durango,1,0,0,2006,0,7,49,343,0,0,1.5277377,4.4849734,6.784671,0.7426932
10,67.8859192,0.3798465,Durango,1,0,0,2007,0,8,64,512,1,0,1.5843053,4.481776,6.8082223,0.747396
10,68.21054436,0.3798465,Durango,1,0,0,2008,0,9,81,729,3,0,1.6378436,4.478569,6.8048387,0.7520768
10,68.53516953,0.3798465,Durango,1,0,0,2009,0,10,100,1000,3,0,1.6886606,4.475351,6.7685423,0.7567358
10,68.8597947,0.3798465,Durango,1,0,0,2010,0,11,121,1331,3,0,1.7370197,4.4721227,6.770427,0.7613732
10,69.18441987,0.24818532,Durango,1,0,0,2011,0,12,144,1728,3,0,1.7831476,4.4688845,6.8094673,0.7659892
10,69.50904504,0.24818532,Durango,1,0,0,2012,0,13,169,2197,4,0,1.8272413,4.4656353,6.8352003,0.770584
10,69.83367021,0.24818532,Durango,1,0,0,2013,1,14,196,2744,4,0,1.8694725,4.462375,6.842712,0.77515775
10,70.15829537,0.24818532,Durango,1,0,0,2014,0,15,225,3375,10,1,1.9099922,4.459105,6.836657,0.7797107
11,67.20483582,0.40394294,Guanajuato,0,0,0.21445274,2000,0,1,1,1,0,0,0.07781956,4.568576,6.368555,-1.3320744
11,67.70373803,0.38870227,Guanajuato,0,0,0.21235085,2001,0,2,4,8,0,0,0.20349243,4.5663834,6.3574495,-1.3501823
11,68.20264023,0.38870227,Guanajuato,0,0,0.21028973,2002,0,3,9,27,0,0,0.3151203,4.5641866,6.409162,-1.3686241
11,68.70154244,0.38870227,Guanajuato,0,0,0.20826824,2003,0,4,16,64,0,0,0.41552925,4.5619845,6.7126007,-1.3874123
11,69.20044464,0.38870227,Guanajuato,0,0,0.20628527,2004,0,5,25,125,0,0,0.50676984,4.5597777,6.7336483,-1.4065604
11,69.69934685,0.38870227,Guanajuato,0,0,0.20433968,2005,0,6,36,216,0,0,0.5903772,4.557566,6.6976547,-1.4260823
11,69.74031582,0.38870227,Guanajuato,0,0,0.19950825,2006,0,7,49,343,0,0,0.6675305,4.55535,6.7604885,-1.3757342
11,69.78128479,0.49294192,Guanajuato,0,0,0.1949,2007,0,8,64,512,0,0,0.7391552,4.5531282,6.7266088,-1.3278002
11,69.82225376,0.49294192,Guanajuato,0,0,0.19049984,2008,0,9,81,729,2,0,0.8059909,4.550902,6.7477317,-1.282059
11,69.86322273,0.49294192,Guanajuato,0,0,0.18629397,2009,0,10,100,1000,2,0,0.86863804,4.5486703,6.6665783,-1.2383188
11,69.9041917,0.49294192,Guanajuato,0,0,0.18226981,2010,0,11,121,1331,2,0,0.9275908,4.546434,6.7016406,-1.1964121
11,69.94516066,0.49294192,Guanajuato,0,0,0.17841583,2011,0,12,144,1728,2,0,0.9832608,4.544193,6.732251,-1.156191
11,69.98612963,0.49294192,Guanajuato,0,0,0.17472143,2012,0,13,169,2197,3,0,1.0359944,4.5419464,6.769448,-1.1175253
11,70.0270986,0.27405,Guanajuato,0,0,0.17117696,2013,3,14,196,2744,3,0,1.0860859,4.539695,6.779193,-1.0802993
11,70.06806757,0.27405,Guanajuato,0,0,0.16777341,2014,0,15,225,3375,6,1,1.1337875,4.5374384,6.828146,-1.0444093
12,55.30510133,0.25315502,Guerrero,1,0,0,2000,0,1,1,1,0,0,1.308359,4.4906325,6.0931296,2.6299775
12,55.7550842,0.25315502,Guerrero,1,0,0,2001,0,2,4,8,0,0,1.3730078,4.4881296,6.1279464,2.6331024
12,56.20506707,0.25315502,Guerrero,1,0,0,2002,0,3,9,27,0,0,1.4337298,4.4856205,6.140052,2.6362176
12,56.65504995,0.25315502,Guerrero,1,0,0,2003,0,4,16,64,0,0,1.4909747,4.4831047,6.246839,2.6393232
12,57.10503282,0.25315502,Guerrero,1,0,0,2004,0,5,25,125,0,0,1.5451192,4.480583,6.285292,2.642419
12,57.55501569,0.25315502,Guerrero,1,0,0,2005,0,6,36,216,0,0,1.5964822,4.478055,6.289609,2.6455054
12,57.68156343,0.34015498,Guerrero,0,1,0,2006,0,7,49,343,0,0,1.6453353,4.47552,6.2882338,2.660351
12,57.80811116,0.34015498,Guerrero,0,1,0,2007,1,8,64,512,1,0,1.6919125,4.472979,6.3092017,2.6749792
12,57.9346589,0.34015498,Guerrero,0,1,0,2008,0,9,81,729,2,1,1.7364166,4.470432,6.274879,2.6893964
12,58.06120663,0.34015498,Guerrero,0,1,0,2009,0,10,100,1000,2,2,1.7790241,4.467878,6.2605615,2.703609
12,58.18775437,0.34015498,Guerrero,0,1,0,2010,0,11,121,1331,2,3,1.8198901,4.4653172,6.287575,2.717622
12,58.3143021,0.34015498,Guerrero,0,1,0,2011,0,12,144,1728,2,4,1.8591516,4.46275,6.261011,2.7314417
12,58.44084984,0.33875713,Guerrero,0,1,0,2012,0,13,169,2197,2,5,1.8969296,4.4601765,6.274768,2.7450728
12,58.56739758,0.33875713,Guerrero,0,1,0,2013,0,14,196,2744,2,6,1.9333322,4.457596,6.2755494,2.7585208
12,58.69394531,0.33875713,Guerrero,0,1,0,2014,0,15,225,3375,8,7,1.9684561,4.455009,6.310603,2.7717903
13,49.3244963,0.3744059,Hidalgo,1,0,0,2000,0,1,1,1,0,0,1.4802209,4.508418,6.136762,2.8459206
13,49.92260856,0.3744059,Hidalgo,1,0,0,2001,0,2,4,8,0,0,1.5280689,4.5049253,6.126672,2.8245015
13,50.52072082,0.3744059,Hidalgo,1,0,0,2002,0,3,9,27,0,0,1.5737315,4.5014195,6.1441846,2.8026137
13,51.11883308,0.3744059,Hidalgo,1,0,0,2003,0,4,16,64,0,0,1.6173998,4.497902,6.499241,2.780236
13,51.71694534,0.3744059,Hidalgo,1,0,0,2004,0,5,25,125,0,0,1.6592407,4.4943714,6.585201,2.757346
13,52.3150576,0.3744059,Hidalgo,1,0,0,2005,0,6,36,216,0,0,1.699401,4.490829,6.5148554,2.7339199
13,52.29280107,0.37077543,Hidalgo,1,0,0,2006,0,7,49,343,0,0,1.7380106,4.4872737,6.6173368,2.7297137
13,52.27054455,0.37077543,Hidalgo,1,0,0,2007,0,8,64,512,1,0,1.7751848,4.4837055,6.5918365,2.7254896
13,52.24828803,0.37077543,Hidalgo,1,0,0,2008,0,9,81,729,3,0,1.8110262,4.480125,6.609473,2.721248
13,52.22603151,0.37077543,Hidalgo,1,0,0,2009,0,10,100,1000,3,0,1.8456275,4.476531,6.499589,2.716988
13,52.20377498,0.37077543,Hidalgo,1,0,0,2010,0,11,121,1331,3,0,1.8790715,4.4729247,6.5669,2.71271
13,52.18151846,0.37077543,Hidalgo,1,0,0,2011,0,12,144,1728,3,0,1.9114331,4.469305,6.584203,2.7084134
13,52.15926194,0.2770791,Hidalgo,1,0,0,2012,0,13,169,2197,3,0,1.9427801,4.465672,6.646206,2.7040982
13,52.13700542,0.2770791,Hidalgo,1,0,0,2013,0,14,196,2744,3,0,1.9731743,4.462026,6.609284,2.6997645
13,52.11474889,0.2770791,Hidalgo,1,0,0,2014,3,15,225,3375,6,0,2.002672,4.458367,6.639402,2.695412
14,84.55077996,0.34254158,Jalisco,0,0,0.3163555,2000,0,1,1,1,0,0,0.5070726,4.557965,6.695413,-0.34466597
14,84.86961288,0.34254158,Jalisco,0,0,0.3121087,2001,0,2,4,8,0,0,0.59067583,4.5555305,6.7046757,-0.34090897
14,85.1884458,0.2421959,Jalisco,0,0,0.3079744,2002,0,3,9,27,0,0,0.6678256,4.553091,6.6967335,-0.337166
14,85.50727872,0.2421959,Jalisco,0,0,0.30394822,2003,0,4,16,64,0,0,0.7394472,4.550645,6.8891816,-0.333437
14,85.82611163,0.2421959,Jalisco,0,0,0.3000259,2004,0,5,25,125,0,0,0.8062802,4.5481935,6.897481,-0.32972184
14,86.14494455,0.2421959,Jalisco,0,0,0.29620358,2005,0,6,36,216,0,0,0.86892503,4.5457354,6.906149,-0.32602045
14,86.23525744,0.2421959,Jalisco,0,0,0.29104343,2006,0,7,49,343,0,0,0.92787576,4.5432715,6.929282,-0.30809858
14,86.32557033,0.2421959,Jalisco,0,0,0.28605998,2007,0,8,64,512,0,0,0.98354393,4.5408015,6.9605627,-0.29049227
14,86.41588322,0.24808334,Jalisco,0,0,0.28124434,2008,0,9,81,729,1,0,1.0362759,4.5383253,6.95764,-0.27319056
14,86.50619611,0.24808334,Jalisco,0,0,0.27658814,2009,0,10,100,1000,1,0,1.0863658,4.535843,6.8815846,-0.25618315
14,86.596509,0.24808334,Jalisco,0,0,0.2720836,2010,0,11,121,1331,2,0,1.1340661,4.5333548,6.9139934,-0.23946014
14,86.68682189,0.24808334,Jalisco,0,0,0.26772344,2011,0,12,144,1728,2,0,1.1795943,4.53086,6.93256,-0.2230122
14,86.77713478,0.24808334,Jalisco,0,0,0.26350078,2012,0,13,169,2197,3,0,1.2231395,4.528359,6.9663577,-0.20683043
14,86.86744767,0.24808334,Jalisco,0,0,0.2594093,2013,3,14,196,2744,3,0,1.2648674,4.525852,6.9785795,-0.19090633
14,86.95776057,0.28710002,Jalisco,1,0,0.25544292,2014,0,15,225,3375,9,1,1.3049238,4.5233383,7.002077,-0.17523184
15,86.31504184,0.23922597,Mexico,1,0,0.07635519,2000,0,1,1,1,0,0,1.1543819,4.513183,6.4158196,1.1822605
15,86.47158493,0.23922597,Mexico,1,0,0.07530774,2001,0,2,4,8,0,0,1.2267001,4.5079627,6.397445,1.1408072
15,86.62812802,0.23922597,Mexico,1,0,0.07428864,2002,0,3,9,27,1,0,1.2941393,4.502715,6.3751135,1.0975608
15,86.78467112,0.23922597,Mexico,1,0,0.07329674,2003,0,4,16,64,1,0,1.3573163,4.49744,6.5021043,1.0523593
15,86.94121421,0.23922597,Mexico,1,0,0.07233098,2004,0,5,25,125,1,0,1.416738,4.4921365,6.5103188,1.0050176
15,87.09775731,0.23922597,Mexico,1,0,0.07139035,2005,0,6,36,216,1,0,1.4728261,4.4868045,6.5347133,0.95532274
15,87.07649795,0.35215962,Mexico,1,0,0.07021896,2006,0,7,49,343,1,0,1.5259346,4.4814444,6.5539317,0.9689945
15,87.05523859,0.35215962,Mexico,1,0,0.06908538,2007,0,8,64,512,4,0,1.5763643,4.476055,6.5755258,0.98248184
15,87.03397923,0.35215962,Mexico,1,0,0.06798783,2008,0,9,81,729,6,0,1.6243725,4.470637,6.5785637,0.99578965
15,87.01271988,0.35215962,Mexico,1,0,0.0669246,2009,0,10,100,1000,6,0,1.670181,4.4651895,6.539062,1.0089227
15,86.99146052,0.35215962,Mexico,1,0,0.06589411,2010,0,11,121,1331,10,0,1.7139827,4.4597116,6.5869493,1.0218855
15,86.97020116,0.35215962,Mexico,1,0,0.064894885,2011,0,12,144,1728,10,0,1.7559462,4.4542036,6.599966,1.0346825
15,86.9489418,0.51488554,Mexico,1,0,0.063925505,2012,0,13,169,2197,10,0,1.7962192,4.4486656,6.6286793,1.0473177
15,86.92768244,0.51488554,Mexico,1,0,0.06298466,2013,0,14,196,2744,10,0,1.834933,4.443096,6.635213,1.0597953
15,86.90642309,0.51488554,Mexico,1,0,0.062071107,2014,0,15,225,3375,16,0,1.8722038,4.437496,6.632431,1.0721191
16,65.40350712,0.23455499,Michoacan,1,0,0,2000,0,1,1,1,0,0,0.44089255,4.5513535,6.093577,1.25335
16,65.91076033,0.23455499,Michoacan,1,0,0,2001,0,2,4,8,0,0,0.53439903,4.5490527,6.0893135,1.2381117
16,66.41801354,0.23455499,Michoacan,1,0,0,2002,0,3,9,27,0,0,0.6199049,4.5467467,6.079993,1.2226378
16,66.92526675,0.2351979,Michoacan,0,1,0,2003,0,4,16,64,0,0,0.6986719,4.5444355,6.3859973,1.2069205
16,67.43251996,0.2351979,Michoacan,0,1,0,2004,0,5,25,125,0,0,0.7716851,4.542119,6.4186153,1.1909523
16,67.93977317,0.2351979,Michoacan,0,1,0,2005,0,6,36,216,0,0,0.83972824,4.539797,6.4353023,1.174725
16,68.08807957,0.2351979,Michoacan,0,1,0,2006,0,7,49,343,0,0,0.90343493,4.5374694,6.4496055,1.1923131
16,68.23638597,0.2351979,Michoacan,0,1,0,2007,1,8,64,512,0,0,0.9633251,4.5351367,6.485583,1.2095972
16,68.38469237,0.2351979,Michoacan,0,1,0,2008,0,9,81,729,1,1,1.0198301,4.5327983,6.5102143,1.2265877
16,68.53299877,0.25393322,Michoacan,0,1,0,2009,0,10,100,1000,1,2,1.0733124,4.5304546,6.4279165,1.2432941
16,68.68130517,0.25393322,Michoacan,0,1,0,2010,0,11,121,1331,2,3,1.124079,4.5281053,6.449097,1.2597262
16,68.82961157,0.25393322,Michoacan,0,1,0,2011,0,12,144,1728,2,4,1.1723924,4.5257506,6.493511,1.2758926
16,68.97791797,0.25393322,Michoacan,0,1,0,2012,0,13,169,2197,2,5,1.2184787,4.52339,6.490394,1.2918018
16,69.12622437,0.19125001,Michoacan,1,0,0,2013,0,14,196,2744,2,6,1.2625344,4.521024,6.4890304,1.3074619
16,69.27453077,0.19125001,Michoacan,1,0,0,2014,3,15,225,3375,11,7,1.3047308,4.5186524,6.5306807,1.3228804
17,85.43209781,0.5515163,Morelos,1,0,0.6429644,2000,0,1,1,1,0,0,1.8743092,4.4261065,6.5230703,0.83919126
17,85.55744415,0.41662335,Morelos,0,0,0.63823676,2001,0,2,4,8,0,0,1.9217286,4.4208,6.587184,0.790937
17,85.68279048,0.41662335,Morelos,0,0,0.6335782,2002,0,3,9,27,1,0,1.967001,4.415466,6.5578556,0.74023575
17,85.80813681,0.41662335,Morelos,0,0,0.6289871,2003,0,4,16,64,1,0,2.010312,4.4101024,6.72527,0.68682593
17,85.93348314,0.41662335,Morelos,0,0,0.624462,2004,0,5,25,125,1,0,2.051825,4.4047103,6.7097917,0.6304018
17,86.05882947,0.41662335,Morelos,0,0,0.6200016,2005,0,6,36,216,1,0,2.0916831,4.399289,6.724249,0.57060254
17,85.6185621,0.41662335,Morelos,0,0,0.60762036,2006,0,7,49,343,1,0,2.1300135,4.3938384,6.7067056,0.5925723
17,85.17829472,0.1951,Morelos,0,0,0.5957238,2007,0,8,64,512,4,0,2.1669285,4.3883576,6.7124505,0.61406976
17,84.73802735,0.1951,Morelos,0,0,0.58428425,2008,0,9,81,729,5,0,2.2025292,4.382847,6.6593046,0.6351147
17,84.29775997,0.1951,Morelos,0,0,0.5732757,2009,0,10,100,1000,5,0,2.2369058,4.377305,6.6139007,0.655726
17,83.8574926,0.1951,Morelos,0,0,0.5626743,2010,0,11,121,1331,9,0,2.27014,4.3717327,6.654754,0.67592096
17,83.41722522,0.1951,Morelos,0,0,0.5524579,2011,0,12,144,1728,9,0,2.302305,4.3661294,6.675857,0.6957162
17,82.97695785,0.1951,Morelos,0,0,0.5426059,2012,0,13,169,2197,9,0,2.3334677,4.360494,6.7095876,0.7151271
17,82.53669047,0.21365,Morelos,0,1,0.5330991,2013,3,14,196,2744,9,0,2.3636885,4.354827,6.7109666,0.73416847
17,82.0964231,0.21365,Morelos,0,1,0.5239197,2014,0,15,225,3375,9,1,2.3930225,4.349128,6.6824365,0.752854
18,64.16405397,0.29955006,Nayarit,0,0,0,2000,0,1,1,1,0,0,0.92947793,4.5198364,6.1231146,1.5181295
18,64.61955802,0.29955006,Nayarit,0,0,0,2001,0,2,4,8,0,0,1.0166111,4.51668,6.2089376,1.5350609
18,65.07506208,0.29955006,Nayarit,0,0,0,2002,0,3,9,27,0,0,1.0967568,4.5135136,6.2164736,1.5517104
18,65.53056614,0.29955006,Nayarit,0,0,0,2003,0,4,16,64,0,0,1.170953,4.510337,6.520442,1.5680871
18,65.98607019,0.29955006,Nayarit,0,0,0,2004,0,5,25,125,0,0,1.2400225,4.5071507,6.5851603,1.5842
18,66.44157425,0.29955006,Nayarit,0,0,0,2005,0,6,36,216,0,0,1.304628,4.5039535,6.5988474,1.6000575
18,66.94217144,0.25062013,Nayarit,1,0,0,2006,0,7,49,343,0,0,1.3653116,4.5007467,6.5991354,1.607682
18,67.44276864,0.25062013,Nayarit,1,0,0,2007,0,8,64,512,0,0,1.4225225,4.4975295,6.5895147,1.6152488
18,67.94336583,0.25062013,Nayarit,1,0,0,2008,0,9,81,729,0,0,1.4766368,4.494302,6.6288567,1.6227587
18,68.44396302,0.25062013,Nayarit,1,0,0,2009,0,10,100,1000,0,0,1.5279723,4.4910636,6.573936,1.6302128
18,68.94456022,0.25062013,Nayarit,1,0,0,2010,0,11,121,1331,0,0,1.5768008,4.487815,6.597429,1.6376116
18,69.44515741,0.25062013,Nayarit,1,0,0,2011,0,12,144,1728,0,0,1.6233555,4.4845557,6.5921235,1.6449561
18,69.9457546,0.27233404,Nayarit,1,0,0,2012,0,13,169,2197,1,0,1.667839,4.4812856,6.5842032,1.6522471
18,70.4463518,0.27233404,Nayarit,1,0,0,2013,0,14,196,2744,1,0,1.7104278,4.478005,6.596175,1.6594853
18,70.94694899,0.27233404,Nayarit,1,0,0,2014,0,15,225,3375,8,0,1.7512765,4.474714,6.603379,1.6666715
19,93.40738903,0.27559844,Nuevo Leon,0,0,0.7824439,2000,0,1,1,1,0,0,1.6479846,4.476536,7.289672,-0.7866621
19,93.59793537,0.27559844,Nuevo Leon,0,0,0.7678189,2001,0,2,4,8,0,0,1.6989236,4.4715967,7.261928,-0.6480208
19,93.7884817,0.27559844,Nuevo Leon,0,0,0.7537307,2002,0,3,9,27,0,0,1.747393,4.466634,7.29306,-0.52628136
19,93.97902804,0.27559844,Nuevo Leon,0,0,0.74015015,2003,0,4,16,64,0,0,1.7936214,4.4616456,7.394306,-0.4177669
19,94.16957437,0.39982536,Nuevo Leon,1,0,0.72705036,2004,0,5,25,125,0,0,1.8378068,4.456632,7.441834,-0.31988364
19,94.36012071,0.39982536,Nuevo Leon,1,0,0.71440613,2005,0,6,36,216,0,0,1.8801223,4.451594,7.464349,-0.23073307
19,94.42508923,0.39982536,Nuevo Leon,1,0,0.6992803,2006,0,7,49,343,0,0,1.9207195,4.44653,7.515404,-0.18954013
19,94.49005775,0.39982536,Nuevo Leon,1,0,0.6847817,2007,0,8,64,512,1,0,1.9597328,4.4414406,7.554189,-0.14997715
19,94.55502627,0.39982536,Nuevo Leon,1,0,0.67087203,2008,0,9,81,729,4,0,1.997281,4.4363246,7.5458517,-0.11191999
19,94.61999479,0.39982536,Nuevo Leon,1,0,0.65751624,2009,0,10,100,1000,4,0,2.0334702,4.431183,7.4508023,-0.07525825
19,94.68496331,0.27406362,Nuevo Leon,1,0,0.6446819,2010,0,11,121,1331,4,0,2.0683954,4.426014,7.4992867,-0.039893184
19,94.74993183,0.27406362,Nuevo Leon,1,0,0.63233894,2011,0,12,144,1728,4,0,2.1021416,4.420819,7.5193534,-0.005736207
19,94.81490035,0.27406362,Nuevo Leon,1,0,0.62045974,2012,0,13,169,2197,4,0,2.1347864,4.415596,7.5482454,0.027292503
19,94.87986887,0.27406362,Nuevo Leon,1,0,0.6090186,2013,3,14,196,2744,4,0,2.166399,4.410346,7.532089,0.059265107
19,94.9448374,0.27406362,Nuevo Leon,1,0,0.5979919,2014,0,15,225,3375,4,1,2.1970427,4.4050684,7.5560217,0.09024705
20,44.53267379,0.30087,Oaxaca,1,0,0.29080206,2000,0,1,1,1,0,0,1.9232275,4.440843,5.8346715,3.6138177
20,45.04090529,0.30087,Oaxaca,1,0,0.28965557,2001,0,2,4,8,0,0,1.9758978,4.4366727,5.874357,3.6033087
20,45.54913678,0.30087,Oaxaca,1,0,0.28851807,2002,0,3,9,27,0,0,2.025932,4.432485,5.9045687,3.5926878
20,46.05736827,0.30087,Oaxaca,1,0,0.28738946,2003,0,4,16,64,0,0,2.073582,4.4282794,6.159401,3.5819533
20,46.56559976,0.30087,Oaxaca,1,0,0.28626966,2004,0,5,25,125,0,0,2.119064,4.4240565,6.2081246,3.5711021
20,47.07383126,0.26446202,Oaxaca,1,0,0.28515857,2005,0,6,36,216,0,0,2.1625671,4.4198155,6.127949,3.5601318
20,47.12367828,0.26446202,Oaxaca,1,0,0.28043813,2006,0,7,49,343,0,0,2.2042565,4.4155564,6.243531,3.5546691
20,47.1735253,0.26446202,Oaxaca,1,0,0.2758714,2007,0,8,64,512,1,0,2.2442772,4.411279,6.19258,3.5491767
20,47.22337231,0.26446202,Oaxaca,1,0,0.27145103,2008,0,9,81,729,3,0,2.2827578,4.406984,6.2130303,3.5436537
20,47.27321933,0.26446202,Oaxaca,1,0,0.2671701,2009,0,10,100,1000,3,0,2.319812,4.4026694,6.139199,3.5381
20,47.32306635,0.26446202,Oaxaca,1,0,0.2630221,2010,0,11,121,1331,3,0,2.3555424,4.398337,6.1852455,3.5325153
20,47.37291337,0.30168024,Oaxaca,0,0,0.25900093,2011,0,12,144,1728,3,0,2.39004,4.3939853,6.224673,3.5268993
20,47.42276039,0.30168024,Oaxaca,0,0,0.25510085,2012,0,13,169,2197,3,0,2.4233868,4.389614,6.2807527,3.5212514
20,47.47260741,0.30168024,Oaxaca,0,0,0.2513165,2013,3,14,196,2744,3,0,2.4556577,4.3852243,6.2415724,3.5155716
20,47.52245443,0.30168024,Oaxaca,0,0,0.24764276,2014,0,15,225,3375,3,1,2.4869196,4.380815,6.262646,3.5098593
21,68.28295073,0.39721248,Puebla,1,0,0.39395776,2000,0,1,1,1,0,0,1.2775593,4.5175223,6.376019,2.5678747
21,68.74716347,0.39721248,Puebla,1,0,0.38925838,2001,0,2,4,8,0,0,1.3337235,4.5148625,6.3710036,2.5471756
21,69.21137621,0.39721248,Puebla,1,0,0.38466975,2002,0,3,9,27,0,0,1.3869003,4.5121956,6.354824,2.5260386
21,69.67558895,0.39721248,Puebla,1,0,0.38018808,2003,0,4,16,64,0,0,1.4373916,4.5095215,6.431477,2.5044456
21,70.13980169,0.39721248,Puebla,1,0,0.3758096,2004,0,5,25,125,0,0,1.4854555,4.50684,6.4248743,2.4823759
21,70.60401443,0.39721248,Puebla,1,0,0.37153086,2005,0,6,36,216,0,0,1.531315,4.504152,6.462233,2.4598079
21,70.83791304,0.31640887,Puebla,1,0,0.3661346,2006,1,7,49,343,0,0,1.5751631,4.5014563,6.479965,2.4594994
21,71.07181165,0.31640887,Puebla,1,0,0.36089283,2007,0,8,64,512,0,1,1.6171691,4.498753,6.4832892,2.459191
21,71.30571026,0.31640887,Puebla,1,0,0.35579905,2008,0,9,81,729,2,2,1.6574816,4.4960427,6.4988203,2.4588823
21,71.53960887,0.31640887,Puebla,1,0,0.35084704,2009,0,10,100,1000,2,3,1.6962316,4.493325,6.4310737,2.4585736
21,71.77350749,0.31640887,Puebla,1,0,0.34603098,2010,0,11,121,1331,2,4,1.733536,4.4906,6.467776,2.4582648
21,72.0074061,0.31640887,Puebla,1,0,0.34134537,2011,0,12,144,1728,2,5,1.7694987,4.4878674,6.497834,2.457956
21,72.24130471,0.3038637,Puebla,0,0,0.33678496,2012,0,13,169,2197,2,6,1.8042128,4.4851274,6.555442,2.457647
21,72.47520332,0.3038637,Puebla,0,0,0.3323448,2013,0,14,196,2744,2,7,1.8377621,4.48238,6.5405083,2.457338
21,72.70910193,0.3038637,Puebla,0,0,0.3280202,2014,3,15,225,3375,11,8,1.8702224,4.4796247,6.5248494,2.4570289
22,67.56874926,0.2512303,Queretaro,0,0,0,2000,0,1,1,1,0,0,0.51546764,4.5567427,6.8860474,0.7247972
22,68.02996654,0.2512303,Queretaro,0,0,0,2001,0,2,4,8,0,0,0.60306513,4.5538254,6.8583775,0.68678975
22,68.49118382,0.2512303,Queretaro,0,0,0,2002,0,3,9,27,0,0,0.68360347,4.550899,6.8603134,0.64728045
22,68.95240111,0.2512303,Queretaro,0,0,0,2003,0,4,16,64,0,0,0.7581361,4.5479646,7.0127645,0.6061458
22,69.41361839,0.24962278,Queretaro,0,0,0,2004,0,5,25,125,0,0,0.8274969,4.5450215,7.043933,0.5632462
22,69.87483567,0.24962278,Queretaro,0,0,0,2005,0,6,36,216,0,0,0.8923572,4.5420694,7.0808296,0.5184234
22,69.98430361,0.24962278,Queretaro,0,0,0,2006,0,7,49,343,0,0,0.95326567,4.5391088,7.111492,0.53365856
22,70.09377155,0.24962278,Queretaro,0,0,0,2007,0,8,64,512,0,0,1.0106763,4.536139,7.146527,0.54866517
22,70.2032395,0.24962278,Queretaro,0,0,0,2008,0,9,81,729,2,0,1.0649692,4.533161,7.1586943,0.56344986
22,70.31270744,0.24962278,Queretaro,0,0,0,2009,0,10,100,1000,2,0,1.1164654,4.530174,7.1086574,0.57801914
22,70.42217538,0.26432702,Queretaro,1,0,0,2010,0,11,121,1331,2,0,1.1654392,4.5271773,7.1392236,0.5923793
22,70.53164332,0.26432702,Queretaro,1,0,0,2011,0,12,144,1728,2,0,1.2121263,4.5241723,7.169362,0.60653603
22,70.64111127,0.26432702,Queretaro,1,0,0,2012,0,13,169,2197,2,0,1.2567304,4.521158,7.2114153,0.6204952
22,70.75057921,0.26432702,Queretaro,1,0,0,2013,0,14,196,2744,2,0,1.2994297,4.518135,7.2279406,0.6342622
22,70.86004715,0.26432702,Queretaro,1,0,0,2014,3,15,225,3375,5,0,1.3403802,4.5151024,7.258349,0.6478422
23,82.4649728,0.25404277,Quintana Roo,1,0,1.1429055,2000,0,1,1,1,0,0,2.2086182,4.292764,7.146147,3.134575
23,83.08842848,0.25404277,Quintana Roo,1,0,1.0787112,2001,0,2,4,8,0,0,2.261009,4.2810454,7.1888857,3.1010432
23,83.71188415,0.25404277,Quintana Roo,1,0,1.0213447,2002,0,3,9,27,0,0,2.310791,4.2691875,7.158181,3.0663478
23,84.33533983,0.25404277,Quintana Roo,1,0,0.9697717,2003,0,4,16,64,0,0,2.358212,4.257188,7.2383037,3.0304055
23,84.9587955,0.25404277,Quintana Roo,1,0,0.9231566,2004,0,5,25,125,0,0,2.4034858,4.245042,7.227276,2.993123
23,85.58225118,0.25404277,Quintana Roo,1,0,0.8808175,2005,0,6,36,216,0,0,2.4467983,4.232747,7.214962,2.9543965
23,86.09614785,0.23083606,Quintana Roo,1,0,0.85225135,2006,0,7,49,343,0,0,2.4883122,4.220299,7.219874,2.9282312
23,86.61004453,0.23083606,Quintana Roo,1,0,0.82547987,2007,0,8,64,512,0,0,2.5281715,4.207694,7.2638483,2.9013634
23,87.12394121,0.23083606,Quintana Roo,1,0,0.8003391,2008,0,9,81,729,0,0,2.5665026,4.194928,7.270293,2.8737533
23,87.63783789,0.23083606,Quintana Roo,1,0,0.7766844,2009,0,10,100,1000,0,0,2.6034186,4.1819973,7.200563,2.8453593
23,88.15173456,0.23083606,Quintana Roo,1,0,0.75438786,2010,0,11,121,1331,0,0,2.63902,4.1688967,7.186683,2.8161356
23,88.66563124,0.23083606,Quintana Roo,1,0,0.7333358,2011,0,12,144,1728,0,0,2.6733975,4.1556225,7.1788244,2.786032
23,89.17952792,0.39569163,Quintana Roo,1,0,0.71342677,2012,0,13,169,2197,0,0,2.7066324,4.1421695,7.22305,2.754994
23,89.6934246,0.39569163,Quintana Roo,1,0,0.6945701,2013,3,14,196,2744,1,0,2.7387981,4.1285334,7.235991,2.7229614
23,90.20732127,0.39569163,Quintana Roo,1,0,0.6766847,2014,0,15,225,3375,6,1,2.7699614,4.1147084,7.272384,2.6898692
24,59.04386438,0.27333385,San Luis Potosi,1,0,0,2000,0,1,1,1,0,0,1.3076824,4.5213084,6.3864307,2.4596736
24,59.76376915,0.27333385,San Luis Potosi,1,0,0,2001,0,2,4,8,0,0,1.3544872,4.518907,6.342519,2.4477386
24,60.48367392,0.27333385,San Luis Potosi,1,0,0,2002,0,3,9,27,0,0,1.3991989,4.5165,6.3602953,2.4356596
24,61.20357869,0.27333385,San Luis Potosi,1,0,0,2003,0,4,16,64,0,0,1.4419968,4.5140867,6.6223965,2.423433
24,61.92348346,0.23278037,San Luis Potosi,0,0,0,2004,0,5,25,125,0,0,1.483038,4.511668,6.68024,2.4110548
24,62.64338823,0.23278037,San Luis Potosi,0,0,0,2005,0,6,36,216,0,0,1.5224609,4.5092435,6.704405,2.3985217
24,62.88205547,0.23278037,San Luis Potosi,0,0,0,2006,0,7,49,343,0,0,1.5603884,4.5068126,6.748155,2.3933153
24,63.1207227,0.23278037,San Luis Potosi,0,0,0,2007,1,8,64,512,1,0,1.5969299,4.5043764,6.7563834,2.3880818
24,63.35938993,0.23278037,San Luis Potosi,0,0,0,2008,0,9,81,729,4,1,1.6321831,4.5019336,6.775905,2.3828206
24,63.59805717,0.23278037,San Luis Potosi,0,0,0,2009,0,10,100,1000,4,2,1.6662356,4.4994855,6.7259035,2.3775315
24,63.8367244,0.24418692,San Luis Potosi,1,0,0,2010,0,11,121,1331,4,3,1.6991667,4.4970307,6.771172,2.3722146
24,64.07539164,0.24418692,San Luis Potosi,1,0,0,2011,0,12,144,1728,4,4,1.7310477,4.4945703,6.805205,2.366869
24,64.31405887,0.24418692,San Luis Potosi,1,0,0,2012,0,13,169,2197,5,5,1.7619437,4.4921036,6.851637,2.3614948
24,64.5527261,0.24418692,San Luis Potosi,1,0,0,2013,0,14,196,2744,5,6,1.7919137,4.489631,6.839258,2.3560915
24,64.79139334,0.24418692,San Luis Potosi,1,0,0,2014,0,15,225,3375,11,7,1.8210115,4.487152,6.83099,2.3506587
25,67.42243512,0.30365643,Sinaloa,1,0,0,2000,0,1,1,1,0,0,0.99154526,4.4640083,6.406711,0.7972496
25,68.09763422,0.30365643,Sinaloa,1,0,0,2001,0,2,4,8,0,0,1.081414,4.461092,6.3825307,0.71407205
25,68.77283333,0.30365643,Sinaloa,1,0,0,2002,0,3,9,27,0,0,1.1638681,4.458168,6.413749,0.6233431
25,69.44803243,0.30365643,Sinaloa,1,0,0,2003,0,4,16,64,0,0,1.2400384,4.4552345,6.706502,0.52355355
25,70.12323153,0.30365643,Sinaloa,1,0,0,2004,0,5,25,125,0,0,1.3108151,4.452293,6.765669,0.41269085
25,70.79843063,0.24160276,Sinaloa,1,0,0,2005,0,6,36,216,0,0,1.3769119,4.4493427,6.766997,0.28798723
25,71.20479266,0.24160276,Sinaloa,1,0,0,2006,0,7,49,343,0,0,1.4389095,4.446384,6.7657824,0.22638877
25,71.61115469,0.24160276,Sinaloa,1,0,0,2007,0,8,64,512,0,0,1.4972867,4.443416,6.820307,0.16074543
25,72.01751671,0.24160276,Sinaloa,1,0,0,2008,0,9,81,729,0,0,1.5524433,4.440439,6.85833,0.0904884
25,72.42387874,0.24160276,Sinaloa,1,0,0,2009,0,10,100,1000,0,0,1.6047158,4.4374537,6.8122945,0.014919791
25,72.83024076,0.24160276,Sinaloa,1,0,0,2010,0,11,121,1331,0,0,1.6543913,4.434459,6.820661,-0.06682969
25,73.23660279,0.2866194,Sinaloa,0,0,0,2011,0,12,144,1728,0,0,1.7017154,4.4314556,6.7957892,-0.15586191
25,73.64296481,0.2866194,Sinaloa,0,0,0,2012,0,13,169,2197,0,0,1.7469007,4.428443,6.8461266,-0.25360253
25,74.04932684,0.2866194,Sinaloa,0,0,0,2013,3,14,196,2744,0,0,1.7901323,4.4254217,6.8516116,-0.3619416
25,74.45568886,0.2866194,Sinaloa,0,0,0,2014,0,15,225,3375,4,1,1.8315722,4.422391,6.8573627,-0.48346037
26,83.0916896,0.25157052,Sonora,1,0,0,2000,0,1,1,1,0,0,1.4587969,4.475631,6.8635373,1.0460703
26,83.63075664,0.25157052,Sonora,1,0,0,2001,0,2,4,8,0,0,1.5332639,4.470192,6.855132,1.0186855
26,84.16982368,0.25157052,Sonora,1,0,0,2002,0,3,9,27,0,0,1.6025679,4.4647226,6.8142185,0.9905295
26,84.70889072,0.25157052,Sonora,1,0,0,2003,0,4,16,64,0,0,1.6673785,4.4592233,6.9924717,0.9615577
26,85.24795776,0.23803534,Sonora,1,0,0,2004,0,5,25,125,0,0,1.7282432,4.453694,7.0221395,0.93172145
26,85.7870248,0.23803534,Sonora,1,0,0,2005,0,6,36,216,0,0,1.785615,4.448133,7.0698304,0.90096754
26,85.83333968,0.23803534,Sonora,1,0,0,2006,0,7,49,343,0,0,1.839873,4.4425416,7.144167,0.9058427
26,85.87965456,0.23803534,Sonora,1,0,0,2007,0,8,64,512,0,0,1.891338,4.4369187,7.1527715,0.91069424
26,85.92596944,0.23803534,Sonora,1,0,0,2008,0,9,81,729,0,0,1.9402835,4.431264,7.1355057,0.91552234
26,85.97228432,0.23803534,Sonora,1,0,0,2009,0,10,100,1000,0,0,1.9869448,4.425577,7.075474,0.92032725
26,86.0185992,0.26848865,Sonora,0,0,0,2010,0,11,121,1331,0,0,2.0315254,4.4198575,7.1182785,0.92510915
26,86.06491408,0.26848865,Sonora,0,0,0,2011,0,12,144,1728,0,0,2.0742033,4.414105,7.179156,0.9298683
26,86.11122896,0.26848865,Sonora,0,0,0,2012,0,13,169,2197,0,0,2.1151338,4.4083195,7.2166314,0.93460494
26,86.15754384,0.26848865,Sonora,0,0,0,2013,0,14,196,2744,0,0,2.154455,4.4025,7.2308216,0.9393192
26,86.20385872,0.26848865,Sonora,0,0,0,2014,0,15,225,3375,9,0,2.1922882,4.396647,7.1939077,0.9440114
27,53.73514202,0.37220502,Tabasco,1,0,0.528589,2000,0,1,1,1,0,0,2.4104106,4.2548375,6.2286167,1.3155404
27,53.98626485,0.37220502,Tabasco,1,0,0.5231611,2001,0,2,4,8,0,0,2.4668162,4.247928,6.252778,1.2734822
27,54.23738767,0.27756268,Tabasco,1,0,0.5178436,2002,0,3,9,27,0,0,2.5202096,4.240971,6.253739,1.2295771
27,54.48851049,0.27756268,Tabasco,1,0,0.512633,2003,0,4,16,64,0,0,2.570896,4.2339644,6.935914,1.1836555
27,54.73963331,0.27756268,Tabasco,1,0,0.50752634,2004,0,5,25,125,0,0,2.6191366,4.226909,7.071674,1.1355231
27,54.99075614,0.27756268,Tabasco,1,0,0.5025204,2005,0,6,36,216,0,0,2.6651568,4.2198033,7.202848,1.0849564
27,55.46876214,0.27756268,Tabasco,1,0,0.4902692,2006,0,7,49,343,0,0,2.709152,4.2126465,7.2849083,1.090503
27,55.94676814,0.30699736,Tabasco,1,0,0.47860113,2007,0,8,64,512,0,0,2.751293,4.2054386,7.341459,1.096019
27,56.42477414,0.30699736,Tabasco,1,0,0.46747553,2008,0,9,81,729,1,0,2.7917295,4.198178,7.4490633,1.1015048
27,56.90278014,0.30699736,Tabasco,1,0,0.45685545,2009,0,10,100,1000,1,0,2.8305945,4.190864,7.275613,1.1069607
27,57.38078614,0.30699736,Tabasco,1,0,0.44670716,2010,0,11,121,1331,1,0,2.8680053,4.1834965,7.388151,1.112387
27,57.85879214,0.30699736,Tabasco,1,0,0.43699995,2011,0,12,144,1728,1,0,2.9040666,4.1760745,7.560798,1.1177839
27,58.33679814,0.30699736,Tabasco,1,0,0.42770562,2012,0,13,169,2197,1,0,2.9388728,4.1685967,7.5523806,1.1231519
27,58.81480414,0.30699736,Tabasco,1,0,0.42770562,2013,0,14,196,2744,1,0,2.9725082,4.1610627,7.4442735,1.1284913
27,59.29281015,0.2952,Tabasco,0,1,0.42770562,2014,3,15,225,3375,3,0,3.005049,4.1534715,7.4366484,1.1338023
28,85.42460434,0.40775752,Tamaulipas,1,0,0,2000,0,1,1,1,0,0,1.9660889,4.417604,6.793517,-0.3492378
28,85.79144487,0.40775752,Tamaulipas,1,0,0,2001,0,2,4,8,0,0,2.0277991,4.408689,6.764124,-0.3325522
28,86.15828541,0.40775752,Tamaulipas,1,0,0,2002,0,3,9,27,0,0,2.0859215,4.399694,6.7953653,-0.31614044
28,86.52512594,0.40775752,Tamaulipas,1,0,0,2003,0,4,16,64,0,0,2.1408505,4.3906174,7.0088506,-0.2999937
28,86.89196648,0.40775752,Tamaulipas,1,0,0,2004,0,5,25,125,0,0,2.1929188,4.3814573,7.037028,-0.2841035
28,87.25880701,0.40775752,Tamaulipas,1,0,0,2005,0,6,36,216,0,0,2.2424095,4.372213,7.0592823,-0.26846188
28,87.36593557,0.42801946,Tamaulipas,1,0,0,2006,0,7,49,343,0,0,2.289566,4.3628817,7.0822544,-0.2557502
28,87.47306412,0.42801946,Tamaulipas,1,0,0,2007,0,8,64,512,1,0,2.3345985,4.353463,7.0917883,-0.24319805
28,87.58019267,0.42801946,Tamaulipas,1,0,0,2008,0,9,81,729,5,0,2.3776903,4.343955,7.1155095,-0.23080152
28,87.68732122,0.42801946,Tamaulipas,1,0,0,2009,0,10,100,1000,5,0,2.4190016,4.3343554,7.0186977,-0.21855679
28,87.79444978,0.42801946,Tamaulipas,1,0,0,2010,0,11,121,1331,5,0,2.4586737,4.3246627,7.0317755,-0.20646016
28,87.90157833,0.46179035,Tamaulipas,1,0,0,2011,0,12,144,1728,5,0,2.496832,4.314875,7.024661,-0.19450814
28,88.00870688,0.46179035,Tamaulipas,1,0,0,2012,0,13,169,2197,5,0,2.5335872,4.304991,7.031854,-0.18269727
28,88.11583544,0.46179035,Tamaulipas,1,0,0,2013,0,14,196,2744,5,0,2.5690396,4.2950077,7.023039,-0.17102426
28,88.22296399,0.46179035,Tamaulipas,1,0,0,2014,3,15,225,3375,8,0,2.603278,4.2849245,7.0515413,-0.15948595
29,78.45698211,0.26480663,Tlaxcala,0,1,0,2000,0,1,1,1,0,0,0.87587965,4.5372715,6.083003,1.146854
29,78.41004411,0.26480663,Tlaxcala,0,1,0,2001,0,2,4,8,0,0,0.9415767,4.534857,6.1121993,1.1066526
29,78.36310611,0.26480663,Tlaxcala,0,1,0,2002,0,3,9,27,0,0,1.0032225,4.5324364,6.0841007,1.0647671
29,78.31616812,0.26480663,Tlaxcala,0,1,0,2003,0,4,16,64,0,0,1.0612876,4.53001,6.3491154,1.0210501
29,78.26923012,0.26480663,Tlaxcala,0,1,0,2004,0,5,25,125,0,0,1.1161655,4.527578,6.3776593,0.97533435
29,78.22229212,0.26480663,Tlaxcala,0,1,0,2005,0,6,36,216,0,0,1.1681879,4.5251393,6.2982087,0.92742807
29,78.54862184,0.17888214,Tlaxcala,0,0,0,2006,0,7,49,343,0,0,1.2176371,4.5226955,6.340899,0.93606013
29,78.87495156,0.17888214,Tlaxcala,0,0,0,2007,0,8,64,512,1,0,1.264756,4.520245,6.3363833,0.9446183
29,79.20128129,0.17888214,Tlaxcala,0,0,0,2008,0,9,81,729,1,0,1.3097541,4.517789,6.3588104,0.95310384
29,79.52761101,0.17888214,Tlaxcala,0,0,0,2009,0,10,100,1000,1,0,1.3528144,4.515327,6.3005023,0.96151805
29,79.85394073,0.17888214,Tlaxcala,0,0,0,2010,0,11,121,1331,1,0,1.3940967,4.5128584,6.325646,0.969862
29,80.18027045,0.17888214,Tlaxcala,0,0,0,2011,0,12,144,1728,1,0,1.4337423,4.510384,6.344359,0.9781369
29,80.50660017,0.28920913,Tlaxcala,1,0,0,2012,0,13,169,2197,1,0,1.4718757,4.5079036,6.382214,0.9863439
29,80.83292989,0.28920913,Tlaxcala,1,0,0,2013,3,14,196,2744,1,0,1.5086082,4.505417,6.3790965,0.9944841
29,81.15925961,0.28920913,Tlaxcala,1,0,0,2014,0,15,225,3375,1,1,1.5440392,4.502924,6.3778768,1.0025586
30,59.05315912,0.36687577,Veracruz,1,0,0,2000,0,1,1,1,0,0,1.9389753,4.417271,6.1240497,2.33722
30,59.36807513,0.36687577,Veracruz,1,0,0,2001,0,2,4,8,0,0,1.9829602,4.413599,6.136945,2.3205912
30,59.68299115,0.36687577,Veracruz,1,0,0,2002,0,3,9,27,0,0,2.0250916,4.409913,6.162698,2.3036814
30,59.99790716,0.36687577,Veracruz,1,0,0,2003,0,4,16,64,0,0,2.0655196,4.4062138,6.5040135,2.2864807
30,60.31282318,0.36687577,Veracruz,1,0,0,2004,0,5,25,125,0,0,2.1043763,4.402501,6.5779023,2.268979
30,60.62773919,0.17769632,Veracruz,1,0,0,2005,0,6,36,216,0,0,2.1417794,4.398774,6.57697,2.2511654
30,60.71471403,0.17769632,Veracruz,1,0,0,2006,0,7,49,343,0,0,2.177834,4.3950334,6.6727037,2.2482493
30,60.80168886,0.17769632,Veracruz,1,0,0,2007,1,8,64,512,1,0,2.2126338,4.3912787,6.6882977,2.2453244
30,60.88866369,0.17769632,Veracruz,1,0,0,2008,0,9,81,729,2,1,2.246263,4.38751,6.7169247,2.242391
30,60.97563852,0.17769632,Veracruz,1,0,0,2009,0,10,100,1000,2,2,2.278798,4.3837266,6.6671877,2.239449
30,61.06261335,0.17769632,Veracruz,1,0,0,2010,0,11,121,1331,2,3,2.310308,4.379929,6.7180777,2.2364984
30,61.14958818,0.22972791,Veracruz,1,0,0,2011,0,12,144,1728,2,4,2.3408551,4.3761168,6.725433,2.2335389
30,61.23656302,0.22972791,Veracruz,1,0,0,2012,0,13,169,2197,2,5,2.3704967,4.37229,6.7824078,2.2305708
30,61.32353785,0.22972791,Veracruz,1,0,0,2013,0,14,196,2744,2,6,2.399285,4.3684487,6.7485147,2.2275937
30,61.41051268,0.22972791,Veracruz,1,0,0,2014,0,15,225,3375,5,7,2.4272678,4.364593,6.7220945,2.2246077
31,81.33788845,0.27599582,Yucatan,1,0,0,2000,0,1,1,1,0,0,1.7405934,4.4340887,6.4990673,3.619396
31,81.6655955,0.27599582,Yucatan,1,0,0,2001,0,2,4,8,0,0,1.7931634,4.429192,6.5262136,3.597594
31,81.99330256,0.254479,Yucatan,0,0,0,2002,0,3,9,27,0,0,1.8431073,4.424271,6.5035386,3.5753062
31,82.32100962,0.254479,Yucatan,0,0,0,2003,0,4,16,64,0,0,1.890675,4.419326,6.7065234,3.5525103
31,82.64871668,0.254479,Yucatan,0,0,0,2004,0,5,25,125,0,0,1.9360824,4.4143558,6.713102,3.5291824
31,82.97642374,0.254479,Yucatan,0,0,0,2005,0,6,36,216,0,0,1.9795171,4.409361,6.753926,3.5052974
31,83.18186839,0.254479,Yucatan,0,0,0,2006,0,7,49,343,0,0,2.0211437,4.404341,6.7744546,3.487344
31,83.38731304,0.254479,Yucatan,0,0,0,2007,0,8,64,512,0,0,2.0611064,4.3992963,6.7953095,3.4690623
31,83.5927577,0.29695496,Yucatan,1,0,0,2008,0,9,81,729,0,0,2.0995333,4.3942256,6.808524,3.4504404
31,83.79820235,0.29695496,Yucatan,1,0,0,2009,0,10,100,1000,0,0,2.136538,4.3891287,6.790749,3.431465
31,84.00364701,0.29695496,Yucatan,1,0,0,2010,0,11,121,1331,0,0,2.1722221,4.384006,6.807508,3.4121225
31,84.20909166,0.29695496,Yucatan,1,0,0,2011,0,12,144,1728,0,0,2.2066767,4.378857,6.804927,3.3923984
31,84.41453631,0.29695496,Yucatan,1,0,0,2012,1,13,169,2197,0,0,2.2399836,4.3736815,6.8369184,3.3722775
31,84.61998097,0.3028,Yucatan,1,0,0,2013,3,14,196,2744,0,1,2.2722166,4.368479,6.8448186,3.3517435
31,84.82542562,0.3028,Yucatan,1,0,0,2014,0,15,225,3375,5,2,2.3034432,4.363249,6.8749576,3.3307788
32,53.34357754,0.23958826,Zacatecas,0,1,0,2000,0,1,1,1,0,0,0.48985535,4.555279,6.044204,-1.8673317
32,54.12425269,0.23958826,Zacatecas,0,1,0,2001,0,2,4,8,0,0,0.56522423,4.5544786,6.0749474,-1.6673716
32,54.90492783,0.23958826,Zacatecas,0,1,0,2002,0,3,9,27,0,0,0.6353086,4.553678,6.090549,-1.5008098
32,55.68560297,0.23958826,Zacatecas,0,1,0,2003,0,4,16,64,0,0,0.7008012,4.552877,6.340979,-1.35807
32,56.46627812,0.23958826,Zacatecas,0,1,0,2004,0,5,25,125,0,0,0.7622669,4.552075,6.405583,-1.2331831
32,57.24695326,0.29600304,Zacatecas,0,1,0,2005,0,6,36,216,0,0,0.82017237,4.5512724,6.3934274,-1.1221757
32,57.69287397,0.29600304,Zacatecas,0,1,0,2006,0,7,49,343,0,0,0.8749075,4.5504694,6.472523,-1.0943476
32,58.13879468,0.29600304,Zacatecas,0,1,0,2007,0,8,64,512,1,0,0.92680156,4.5496655,6.497444,-1.067273
32,58.5847154,0.29600304,Zacatecas,0,1,0,2008,0,9,81,729,4,0,0.97613496,4.548861,6.5226283,-1.0409123
32,59.03063611,0.29600304,Zacatecas,0,1,0,2009,0,10,100,1000,4,0,1.0231485,4.548056,6.619136,-1.0152285
32,59.47655682,0.29600304,Zacatecas,0,1,0,2010,0,11,121,1331,4,0,1.0680507,4.5472503,6.7476077,-0.990188
32,59.92247753,0.31582302,Zacatecas,1,0,0,2011,1,12,144,1728,4,0,1.1110231,4.546444,6.8931947,-0.96575916
32,60.36839824,0.31582302,Zacatecas,1,0,0,2012,0,13,169,2197,4,1,1.1522247,4.5456367,6.9090447,-0.94191295
32,60.81431895,0.31582302,Zacatecas,1,0,0,2013,0,14,196,2744,4,2,1.1917956,4.544829,6.7565484,-0.91862214
32,61.26023966,0.31582302,Zacatecas,1,0,0,2014,0,15,225,3375,11,3,1.2298602,4.5440207,6.7422028,-0.89586145